month_id,ntx_pointx_financial,ntx_pointx_financial_out,ncust_user,ncust_pointx,ncust_nonzerobalance,ncust_visit,ncust_pointx_visit,ncust_pointx_financial,ncust_guest,ncust_guest_visit,ncust_register_success,ncust_purchase,ncust_purchase_sku,ncust_purchase_qr,ncust_purchase_pyw,ncust_purchase_firsttime,ncust_purchase_lifetime,ncust_topup,ncust_topup_auto,ncust_topup_auto_wealth,ncust_topup_auto_cardx,ncust_topup_bulk_award,ncust_topup_onboard,ncust_topup_onetime,ncust_topup_extnl,ncust_topup_extnl_bcp,ncust_topup_firsttime,ncust_topup_lifetime,ncust_transfer_out,ncust_transfer_out_extnl,ncust_transfer_out_extnl_bcp,ncust_partner,ncust_partner_new,amt_point_topup,amt_point_topup_auto,amt_point_topup_auto_wealth,amt_point_topup_auto_cardx,amt_point_topup_bulk_award,amt_point_topup_onboard,amt_point_topup_onetime,amt_point_topup_extnl,amt_point_topup_extnl_bcp,amt_point_topup_lifetime,amt_point_transfer_out,amt_point_transfer_out_extnl,amt_point_transfer_out_extnl_bcp,amt_point_pay,amt_point_pay_sku,amt_point_pay_sku_prt,amt_point_pay_qr,amt_point_pay_pyw,amt_point_pay_pyw_rbh,amt_point_pay_qr_29,amt_point_pay_qr_30,amt_point_pay_qr_cs,amt_point_payment_p_only,amt_point_payment_p_casa,amt_point_payment_p_cc,amt_point_pay_lifetime,amt_baht_pay_sku_prt,rate_point_per_baht_pay,rate_point_per_baht_pay_sku,rate_point_per_baht_pay_qr,rate_point_per_baht_pay_pyw,rate_point_per_baht_pay_pyw_rbh,rate_point_per_baht_pay_qr_29,rate_point_per_baht_pay_qr_30,rate_point_per_baht_pay_qr_cs,rate_point_per_baht_transfer_out_extnl,rate_point_per_baht_transfer_out_extnl_bcp,rate_point_per_baht_pay_weight,rate_point_per_baht_pay_sku_weight,rate_point_per_baht_pay_qr_weight,rate_point_per_baht_pay_pyw_weight,rate_point_per_baht_pay_pyw_rbh_weight,rate_point_per_baht_pay_qr_29_weight,rate_point_per_baht_pay_qr_30_weight,rate_point_per_baht_pay_qr_cs_weight,rate_point_per_baht_transfer_out_extnl_weight,rate_point_per_baht_transfer_out_extnl_bcp_weight,rate_baht_per_point_pay,rate_baht_per_point_pay_sku,rate_baht_per_point_pay_qr,rate_baht_per_point_pay_pyw,rate_baht_per_point_pay_pyw_rbh,rate_baht_per_point_pay_qr_29,rate_baht_per_point_pay_qr_30,rate_baht_per_point_pay_qr_cs,rate_baht_per_point_transfer_out_extnl,rate_baht_per_point_transfer_out_extnl_bcp,rate_baht_per_point_pay_weight,rate_baht_per_point_pay_sku_weight,rate_baht_per_point_pay_qr_weight,rate_baht_per_point_pay_pyw_weight,rate_baht_per_point_pay_pyw_rbh_weight,rate_baht_per_point_pay_qr_29_weight,rate_baht_per_point_pay_qr_30_weight,rate_baht_per_point_pay_qr_cs_weight,rate_baht_per_point_transfer_out_extnl_weight,rate_baht_per_point_transfer_out_extnl_bcp_weight,n_topup_point,n_topup_point_onboard,n_topup_point_onetime,n_topup_point_auto,n_topup_point_auto_wealth,n_topup_point_auto_cardx,n_topup_point_bulk_award,n_topup_point_extnl,n_topup_point_extnl_bcp,n_transfer_point_out,n_transfer_point_out_extnl,n_transfer_point_out_extnl_bcp,n_purchase,n_purchase_sku,n_purchase_sku_prt,n_purchase_qr,n_purchase_pyw,n_purchase_pyw_rbh,n_purchase_qr_29,n_purchase_qr_30,n_purchase_qr_cs,n_point_payment_p_only,n_point_payment_p_casa,n_point_payment_p_cc,mtd1_ncust_user,mtd1_ncust_pointx,mtd1_ncust_visit,mtd1_ncust_pointx_visit,mtd1_ncust_pointx_financial,mtd1_ncust_guest,mtd1_ncust_guest_visit,mtd1_ncust_topup_auto_wealth,mtd1_ncust_topup_auto_cardx,mtd1_ncust_topup_extnl,mtd1_ncust_transfer_extnl,mtd1_ncust_partner,mtd1_ncust_partner_new,mtd1_amt_point_topup,mtd1_amt_point_topup_auto,mtd1_amt_point_topup_auto_wealth,mtd1_amt_point_topup_auto_cardx,mtd1_amt_point_topup_bulk_award,mtd1_amt_point_topup_onboard,mtd1_amt_point_topup_onetime,mtd1_amt_point_topup_extnl,mtd1_amt_point_topup_extnl_bcp,mtd1_amt_point_transfer_out,mtd1_amt_point_transfer_out_extnl,mtd1_amt_point_transfer_out_extnl_bcp,mtd1_amt_point_pay,mtd1_amt_point_pay_sku,mtd1_amt_point_pay_sku_prt,mtd1_amt_point_pay_qr,mtd1_amt_point_pay_pyw,mtd1_amt_point_pay_pyw_rbh,mtd1_amt_point_pay_qr_29,mtd1_amt_point_pay_qr_30,mtd1_amt_point_pay_qr_cs,mtd1_amt_point_payment_p_only,mtd1_amt_point_payment_p_casa,mtd1_amt_point_payment_p_cc,mtd1_amt_baht_pay_sku_prt,mtd1_rate_point_per_baht_pay,mtd1_rate_point_per_baht_pay_sku,mtd1_rate_point_per_baht_pay_qr,mtd1_rate_point_per_baht_pay_pyw,mtd1_rate_point_per_baht_pay_pyw_rbh,mtd1_rate_point_per_baht_pay_qr_29,mtd1_rate_point_per_baht_pay_qr_30,mtd1_rate_point_per_baht_pay_qr_cs,mtd1_rate_point_per_baht_transfer_out_extnl,mtd1_rate_point_per_baht_transfer_out_extnl_bcp,mtd1_rate_point_per_baht_pay_weight,mtd1_rate_point_per_baht_pay_sku_weight,mtd1_rate_point_per_baht_pay_qr_weight,mtd1_rate_point_per_baht_pay_pyw_weight,mtd1_rate_point_per_baht_pay_pyw_rbh_weight,mtd1_rate_point_per_baht_pay_qr_29_weight,mtd1_rate_point_per_baht_pay_qr_30_weight,mtd1_rate_point_per_baht_pay_qr_cs_weight,mtd1_rate_point_per_baht_transfer_out_extnl_weight,mtd1_rate_point_per_baht_transfer_out_extnl_bcp_weight,mtd1_rate_baht_per_point_pay,mtd1_rate_baht_per_point_pay_sku,mtd1_rate_baht_per_point_pay_qr,mtd1_rate_baht_per_point_pay_pyw,mtd1_rate_baht_per_point_pay_pyw_rbh,mtd1_rate_baht_per_point_pay_qr_29,mtd1_rate_baht_per_point_pay_qr_30,mtd1_rate_baht_per_point_pay_qr_cs,mtd1_rate_baht_per_point_transfer_out_extnl,mtd1_rate_baht_per_point_transfer_out_extnl_bcp,mtd1_rate_baht_per_point_pay_weight,mtd1_rate_baht_per_point_pay_sku_weight,mtd1_rate_baht_per_point_pay_qr_weight,mtd1_rate_baht_per_point_pay_pyw_weight,mtd1_rate_baht_per_point_pay_pyw_rbh_weight,mtd1_rate_baht_per_point_pay_qr_29_weight,mtd1_rate_baht_per_point_pay_qr_30_weight,mtd1_rate_baht_per_point_pay_qr_cs_weight,mtd1_rate_baht_per_point_transfer_out_extnl_weight,mtd1_rate_baht_per_point_transfer_out_extnl_bcp_weight,mtd1_n_topup_point,mtd1_n_topup_point_onboard,mtd1_n_topup_point_onetime,mtd1_n_topup_point_auto,mtd1_n_topup_point_auto_wealth,mtd1_n_topup_point_auto_cardx,mtd1_n_topup_point_bulk_award,mtd1_n_topup_point_extnl,mtd1_n_topup_point_extnl_bcp,mtd1_n_transfer_point_out,mtd1_n_transfer_point_out_extnl,mtd1_n_transfer_point_out_extnl_bcp,mtd1_n_purchase,mtd1_n_purchase_sku,mtd1_n_purchase_sku_prt,mtd1_n_purchase_qr,mtd1_n_purchase_pyw,mtd1_n_purchase_pyw_rbh,mtd1_n_purchase_qr_29,mtd1_n_purchase_qr_30,mtd1_n_purchase_qr_cs,mtd1_n_point_payment_p_only,mtd1_n_point_payment_p_casa,mtd1_n_point_payment_p_cc,_dl_load_ts,_date
2022-07,2,0,317,196,114,21,16,2,121,5,5,0,0,0,0,0,3,2,1,,,,0,1,,,0,6,,,,,,17.0,15.0,,,,0.0,2.0,,,196.0,0.0,,,0.0,0.0,,0.0,0.0,0.0,0.0,0.0,0.0,0.0,0.0,0.0,30.0,,0.0,0.0,0.0,0.0,0.0,0.0,0.0,0.0,,,0.0,0.0,0.0,0.0,0.0,0.0,0.0,0.0,,,0.0,0.0,0.0,0.0,0.0,0.0,0.0,0.0,,,0.0,0.0,0.0,0.0,0.0,0.0,0.0,0.0,,,2,0,1,1,,,,,,0,,,0,0,,0,0,0,0,0,0,0,0,0,317,196,38,32,9,121,6,,,,,,,196.0,184.0,,,,0.0,12.0,,,0.0,,,30.0,0.0,,30.0,0.0,0.0,3.0,24.0,3.0,0.0,27.0,3.0,,14.333333333333334,0.0,14.333333333333334,0.0,0.0,20.0,13.833333333333334,9.666666666666666,,,13.308333333333332,0.0,13.308333333333332,0.0,0.0,20.0,12.927083333333334,9.666666666666666,,,0.0756387778287562,0.0,0.0756387778287562,0.0,0.0,0.05000000000000001,0.07452316969260012,0.10350877192982455,,,0.0785808699831771,0.0,0.0785808699831771,0.0,0.0,0.05,0.07903749098774332,0.10350877192982455,,,13,0,2,11,,,,,,0,,,12,0,,12,0,0,3,6,3,0,9,3,2023-02-24 17:42:04.391000,2022-07-06
2022-07,2,0,310,195,114,10,10,2,115,0,0,0,0,0,0,0,0,2,2,,,,0,0,,,0,2,,,,,,24.0,24.0,,,,0.0,0.0,,,24.0,0.0,,,0.0,0.0,,0.0,0.0,0.0,0.0,0.0,0.0,0.0,0.0,0.0,0.0,,0.0,0.0,0.0,0.0,0.0,0.0,0.0,0.0,,,0.0,0.0,0.0,0.0,0.0,0.0,0.0,0.0,,,0.0,0.0,0.0,0.0,0.0,0.0,0.0,0.0,,,0.0,0.0,0.0,0.0,0.0,0.0,0.0,0.0,,,2,0,0,2,,,,,,0,,,0,0,,0,0,0,0,0,0,0,0,0,310,195,10,10,2,115,0,,,,,,,24.0,24.0,,,,0.0,0.0,,,0.0,,,0.0,0.0,,0.0,0.0,0.0,0.0,0.0,0.0,0.0,0.0,0.0,,0.0,0.0,0.0,0.0,0.0,0.0,0.0,0.0,,,0.0,0.0,0.0,0.0,0.0,0.0,0.0,0.0,,,0.0,0.0,0.0,0.0,0.0,0.0,0.0,0.0,,,0.0,0.0,0.0,0.0,0.0,0.0,0.0,0.0,,,2,0,0,2,,,,,,0,,,0,0,,0,0,0,0,0,0,0,0,0,2023-02-24 17:41:09.220000,2022-07-01
2022-07,10,3,363,223,121,89,76,9,140,13,39,1,0,0,1,0,3,7,0,,,,4,3,,,0,14,,,,,,15655.0,0.0,,,,14267.0,1388.0,,,15866.0,20.0,,,1.0,0.0,,0.0,1.0,0.0,0.0,0.0,0.0,0.0,1.0,0.0,31.0,,18.25,0.0,0.0,18.25,0.0,0.0,0.0,0.0,,,18.25,0.0,0.0,18.25,0.0,0.0,0.0,0.0,,,0.0547945205479452,0.0,0.0,0.0547945205479452,0.0,0.0,0.0,0.0,,,0.0547945205479452,0.0,0.0,0.0547945205479452,0.0,0.0,0.0,0.0,,,7,4,3,0,,,,,,2,,,1,0,,0,1,0,0,0,0,0,1,0,363,223,118,93,18,140,25,,,,,,,15866.0,189.0,,,,14277.0,1400.0,,,20.0,,,31.0,0.0,,30.0,1.0,0.0,3.0,24.0,3.0,0.0,28.0,3.0,,14.634615384615385,0.0,14.333333333333334,18.25,0.0,20.0,13.833333333333334,9.666666666666666,,,13.467741935483872,0.0,13.30833333333333,18.25,0.0,20.0,12.927083333333334,9.666666666666666,,,0.07403537342253998,0.0,0.0756387778287562,0.0547945205479452,0.0,0.05000000000000001,0.07452316969260012,0.10350877192982455,,,0.07781356838849221,0.0,0.0785808699831771,0.0547945205479452,0.0,0.05,0.07903749098774332,0.10350877192982455,,,22,5,5,12,,,,,,2,,,13,0,,12,1,0,3,6,3,0,10,3,2023-02-24 17:42:25.298000,2022-07-08
2022-07,7,4,312,196,114,12,11,5,116,1,1,2,0,2,0,0,3,3,3,,,,0,0,,,0,5,,,,,,63.0,63.0,,,,0.0,0.0,,,179.0,0.0,,,13.0,0.0,,13.0,0.0,0.0,1.0,10.0,2.0,0.0,11.0,2.0,30.0,,12.5,0.0,12.5,0.0,0.0,20.0,11.0,9.5,,,11.461538461538462,0.0,11.461538461538462,0.0,0.0,20.0,11.0,9.5,,,0.08785885167464114,0.0,0.08785885167464114,0.0,0.0,0.05,0.09090909090909091,0.10526315789473684,,,0.08997055576002945,0.0,0.08997055576002945,0.0,0.0,0.05,0.09090909090909091,0.10526315789473684,,,3,0,0,3,,,,,,0,,,4,0,,4,0,0,1,1,2,0,2,2,312,196,30,29,8,116,1,,,,,,,179.0,169.0,,,,0.0,10.0,,,0.0,,,30.0,0.0,,30.0,0.0,0.0,3.0,24.0,3.0,0.0,27.0,3.0,,14.333333333333334,0.0,14.333333333333334,0.0,0.0,20.0,13.833333333333334,9.666666666666666,,,13.308333333333332,0.0,13.308333333333332,0.0,0.0,20.0,12.927083333333334,9.666666666666666,,,0.0756387778287562,0.0,0.0756387778287562,0.0,0.0,0.05000000000000001,0.07452316969260012,0.10350877192982455,,,0.0785808699831771,0.0,0.0785808699831771,0.0,0.0,0.05,0.07903749098774332,0.10350877192982455,,,11,0,1,10,,,,,,0,,,12,0,,12,0,0,3,6,3,0,9,3,2023-02-24 17:41:54.299000,2022-07-05
2022-07,11,6,441,285,146,28,27,8,156,1,8,3,0,3,0,1,9,4,3,,,,0,1,,,1,40,,,,,,15097.0,97.0,,,,0.0,15000.0,,,70450.0,250.0,,,35.0,0.0,,35.0,0.0,0.0,0.0,35.0,0.0,0.0,35.0,0.0,2051.0,,12.25,0.0,12.25,0.0,0.0,0.0,12.25,0.0,,,12.57142857142857,0.0,12.57142857142857,0.0,0.0,0.0,12.57142857142857,0.0,,,0.08368222374742622,0.0,0.08368222374742622,0.0,0.0,0.0,0.08368222374742622,0.0,,,0.08135111285420138,0.0,0.08135111285420138,0.0,0.0,0.0,0.08135111285420138,0.0,,,5,0,1,4,,,,,,2,,,4,0,,4,0,0,0,4,0,0,4,0,441,285,210,169,48,156,41,,,,,,,70450.0,1882.0,,,,45001.0,23567.0,,,567.0,,,2051.0,0.0,,2050.0,1.0,0.0,76.0,1938.0,36.0,1321.0,694.0,36.0,,14.914772727272727,0.0,14.837209302325581,18.25,0.0,20.0,13.48,13.444444444444445,,,12.392857142857139,0.0,12.390000000000002,18.25,0.0,20.0,12.005030959752323,17.048611111111114,,,0.07278869023126608,0.0,0.07320715929366889,0.0547945205479452,0.0,0.05,0.07830708543428135,0.08224785708563646,,,0.08843142248263033,0.0,0.08844783072747656,0.0547945205479452,0.0,0.05,0.09045323540906174,0.06165785468236802,,,75,19,27,29,,,,,,11,,,44,0,,43,1,0,9,25,9,1,34,9,2023-02-24 17:43:31.355000,2022-07-14
2022-08,12,7,1036,768,255,27,25,6,268,2,4,3,0,3,0,0,25,3,2,,,,0,1,,,0,153,,,,,,65.0,62.0,,,,0.0,3.0,,,836148.0,2.0,,,33.0,0.0,,33.0,0.0,0.0,2.0,31.0,0.0,0.0,33.0,0.0,35430.0,,15.85,0.0,15.85,0.0,0.0,18.25,14.25,0.0,,,14.492424242424242,0.0,14.492424242424242,0.0,0.0,18.25,14.25,0.0,,,0.06402307137707282,0.0,0.06402307137707282,0.0,0.0,0.0547945205479452,0.07017543859649122,0.0,,,0.0692432617450642,0.0,0.0692432617450642,0.0,0.0,0.0547945205479452,0.07017543859649122,0.0,,,5,0,3,2,,,,,,2,,,5,0,,5,0,0,2,3,0,0,5,0,1036,768,186,168,39,268,18,,,,,,,56121.0,4118.0,,,,49307.0,2696.0,,,621.0,,,5355.0,3880.0,,1255.0,220.0,220.0,29.0,1213.0,13.0,4809.0,533.0,13.0,,13.959821428571429,10.25,14.53,8.6875,8.6875,19.204545454545453,13.142857142857142,13.8125,,,10.82735760971055,10.25644329896907,13.03027888446215,8.329545454545455,8.329545454545455,19.698275862068964,12.849958779884583,14.980769230769232,,,0.07606905280804187,0.09594001754805775,0.0720870111703573,0.1159090909090909,0.1159090909090909,0.05217932752179328,0.07803343597477519,0.07480192416525183,,,0.09277396152944963,0.0958762886597938,0.07836654863398983,0.12024793388429753,0.12024793388429753,0.050826641473783664,0.07913948316155497,0.06768098907317922,,,61,5,16,40,,,,,,8,,,56,2,,50,4,4,11,35,4,4,48,4,2023-02-24 17:50:01.576000,2022-08-11
2022-07,15,3,875,646,220,80,71,14,229,9,34,1,0,1,0,0,11,11,4,,,,5,2,,,0,114,,,,,,10294.0,137.0,,,,4757.0,5400.0,,,474117.0,3000.0,,,1.0,0.0,,1.0,0.0,0.0,0.0,0.0,1.0,0.0,0.0,1.0,10593.0,,18.25,0.0,18.25,0.0,0.0,0.0,0.0,18.25,,,18.25,0.0,18.25,0.0,0.0,0.0,0.0,18.25,,,0.0547945205479452,0.0,0.0547945205479452,0.0,0.0,0.0,0.0,0.0547945205479452,,,0.0547945205479452,0.0,0.0547945205479452,0.0,0.0,0.0,0.0,0.0547945205479452,,,12,6,2,4,,,,,,2,,,1,0,,1,0,0,0,0,1,0,0,1,875,646,654,540,124,229,114,,,,,,,474117.0,2352.0,,,,372819.0,98946.0,,,3567.0,,,10593.0,6500.0,,4082.0,11.0,10.0,91.0,2460.0,1531.0,7821.0,1241.0,1531.0,,15.146153846153846,10.5,15.441666666666666,13.25,8.25,20.0,13.783333333333333,14.2,,,10.863329557254797,10.5,11.446472317491422,9.15909090909091,8.25,20.0,11.985569105691058,10.071848465055519,,,0.07176121605900844,0.09247028794767487,0.07018435897054097,0.08800332088003321,0.12121212121212122,0.05,0.07637088088268255,0.07799567411679884,,,0.09262568474646332,0.0923076923076923,0.09307127946756906,0.11517415751537795,0.12121212121212122,0.049999999999999996,0.08913056704973528,0.10196327096294461,,,198,97,61,40,,,,,,13,,,65,3,,60,2,1,15,30,15,4,46,15,2023-02-24 17:44:24.700000,2022-07-18
2022-08,52,16,1582,1247,284,563,506,37,335,57,512,4,0,2,2,0,26,31,6,,,,20,5,,,0,186,,,,,,89051.0,169.0,,,,88687.0,195.0,,,959019.0,109.0,,,141.0,0.0,,21.0,120.0,120.0,0.0,20.0,1.0,0.0,140.0,1.0,60120.0,,11.375,0.0,13.25,9.5,9.5,0.0,14.375,11.0,,,10.202127659574469,0.0,14.214285714285714,9.5,9.5,0.0,14.375,11.0,,,0.09111439862312783,0.0,0.07696563935151884,0.10526315789473684,0.10526315789473684,0.0,0.0699939135727328,0.09090909090909091,,,0.10015862631015722,0.0,0.07098987439827366,0.10526315789473684,0.10526315789473684,0.0,0.0699939135727328,0.09090909090909091,,,36,24,6,6,,,,,,10,,,6,0,,3,3,3,0,2,1,0,5,1,1582,1247,775,691,80,335,84,,,,,,,178992.0,6187.0,,,,147994.0,24811.0,,,3762.0,,,30045.0,22700.0,,6665.0,680.0,680.0,36.0,6613.0,16.0,24557.0,5472.0,16.0,,13.883928571428571,10.4,14.804347826086957,9.275,9.275,19.51388888888889,13.164772727272727,13.0,,,10.954135463471461,9.97819383259912,14.441035258814704,9.356617647058824,9.356617647058824,19.75694444444444,14.412180553455316,14.40625,,,0.07679195230467951,0.09187271710382092,0.07110828134577775,0.10846889952153109,0.10846889952153109,0.05133181126331811,0.07788564747077847,0.07936147448638353,,,0.08821643547477238,0.0929955947136564,0.06995820199245716,0.10763439347030679,0.10763439347030679,0.050665905631659056,0.07006067869261941,0.07101096766843797,,,147,30,39,78,,,,,,28,,,84,5,,69,10,10,18,44,7,8,69,7,2023-02-24 17:51:48.313000,2022-08-19
2022-08,17,9,989,735,247,38,35,12,254,3,7,4,1,4,0,2,22,8,7,,,,1,0,,,1,144,,,,,,449.0,156.0,,,,293.0,0.0,,,780718.0,500.0,,,2003.0,1890.0,,113.0,0.0,0.0,10.0,103.0,0.0,1890.0,113.0,0.0,32302.0,,14.21875,10.0,14.821428571428571,0.0,0.0,20.0,13.958333333333334,0.0,,,10.303419870194709,10.0,15.378318584070795,0.0,0.0,20.0,14.929611650485434,0.0,,,0.07394794969005675,0.09841269841269841,0.07045298558682224,0.0,0.0,0.05,0.07386181651795927,0.0,,,0.09661537206886993,0.09841269841269841,0.06655389605262359,0.0,0.0,0.05,0.06816107042666471,0.0,,,8,1,0,7,,,,,,1,,,8,1,,7,0,0,1,6,0,1,7,0,989,735,71,67,19,254,4,,,,,,,691.0,387.0,,,,293.0,11.0,,,506.0,,,2227.0,1890.0,,127.0,210.0,210.0,10.0,117.0,0.0,1890.0,337.0,0.0,,13.265625,10.0,14.791666666666666,8.25,8.25,20.0,14.318181818181818,0.0,,,10.14077233947014,10.0,15.36220472440945,8.25,8.25,20.0,14.965811965811968,0.0,,,0.08114942876653583,0.09841269841269841,0.06969514985129262,0.12121212121212122,0.12121212121212122,0.05,0.07148561801959194,0.0,,,0.09874223249613379,0.09841269841269841,0.06649138830192554,0.12121212121212122,0.12121212121212122,0.05,0.06790090866961147,0.0,,,16,1,2,13,,,,,,2,,,16,1,,12,3,3,1,11,0,1,15,0,2023-02-24 17:47:56.276000,2022-08-03
2022-08,17,7,1039,769,255,13,13,9,270,0,1,2,1,1,0,0,25,9,7,,,,0,2,,,0,156,,,,,,13091.0,457.0,,,,0.0,12634.0,,,864425.0,0.0,,,13546.0,13540.0,,6.0,0.0,0.0,5.0,0.0,1.0,13540.0,5.0,1.0,50548.0,,17.142857142857142,9.5,18.416666666666668,0.0,0.0,20.0,0.0,10.5,,,9.503949505389045,9.5,18.416666666666664,0.0,0.0,20.0,0.0,10.5,,,0.06285633899054452,0.0947562776957164,0.05753968253968253,0.0,0.0,0.05,0.0,0.09523809523809523,,,0.09473979315629988,0.0947562776957164,0.05753968253968253,0.0,0.0,0.05000000000000001,0.0,0.09523809523809523,,,10,0,3,7,,,,,,0,,,7,1,,6,0,0,5,0,1,1,5,1,1039,769,206,186,43,270,20,,,,,,,84398.0,4993.0,,,,59307.0,20098.0,,,621.0,,,20473.0,17420.0,,2533.0,520.0,520.0,34.0,2485.0,14.0,18349.0,2110.0,14.0,,14.246212121212121,10.0,14.922413793103448,8.95,8.95,19.453125,13.202702702702704,13.15,,,10.152249303961318,9.668484500574053,13.655546782471381,9.29326923076923,9.29326923076923,19.74264705882353,13.566599597585514,14.660714285714285,,,0.07485170011177482,0.0955454375972773,0.07051619880946453,0.11272727272727272,0.11272727272727272,0.05149828767123288,0.07760867935973281,0.07888915837982051,,,0.09277648414888769,0.0950057405281286,0.07420387466467913,0.10856643356643356,0.10856643356643356,0.05070507655116842,0.07455104666788852,0.06964935379924465,,,85,6,21,58,,,,,,8,,,66,3,,58,5,5,16,37,5,5,56,5,2023-02-24 17:50:45.548000,2022-08-14
2022-07,62,3,673,471,180,260,214,39,202,46,232,1,0,1,0,0,9,38,4,,,,31,6,,,0,74,,,,,,211799.0,252.0,,,,186234.0,25313.0,,,282249.0,0.0,,,3.0,0.0,,3.0,0.0,0.0,2.0,1.0,0.0,0.0,3.0,0.0,2054.0,,18.5,0.0,18.5,0.0,0.0,20.0,15.5,0.0,,,18.5,0.0,18.5,0.0,0.0,20.0,15.5,0.0,,,0.054838709677419356,0.0,0.054838709677419356,0.0,0.0,0.05,0.06451612903225806,0.0,,,0.054838709677419356,0.0,0.054838709677419356,0.0,0.0,0.05,0.06451612903225806,0.0,,,59,45,10,4,,,,,,0,,,3,0,,3,0,0,2,1,0,0,3,0,673,471,445,358,82,202,87,,,,,,,282249.0,2134.0,,,,231235.0,48880.0,,,567.0,,,2054.0,0.0,,2053.0,1.0,0.0,78.0,1939.0,36.0,1321.0,697.0,36.0,,15.143617021276595,0.0,15.076086956521738,18.25,0.0,20.0,13.557692307692308,13.444444444444445,,,12.40177702044791,0.0,12.398928397467122,18.25,0.0,20.0,12.00683341928829,17.048611111111114,,,0.07164294679165883,0.0,0.07200921692739173,0.0547945205479452,0.0,0.05,0.07777666403420352,0.08224785708563646,,,0.08838235815039291,0.0,0.08839871851941508,0.0547945205479452,0.0,0.05,0.09043985887147703,0.06165785468236802,,,134,64,37,33,,,,,,11,,,47,0,,46,1,0,11,26,9,1,37,9,2023-02-24 17:43:44.062000,2022-07-15
2022-08,20,10,1032,766,255,32,32,17,266,0,3,7,0,7,0,2,25,10,6,,,,1,3,,,3,153,,,,,,1318.0,1197.0,,,,106.0,15.0,,,836083.0,100.0,,,963.0,0.0,,963.0,0.0,0.0,2.0,961.0,0.0,929.0,34.0,0.0,35397.0,,13.5,0.0,13.5,0.0,0.0,18.25,12.142857142857142,0.0,,,12.55970924195223,0.0,12.55970924195223,0.0,0.0,18.25,12.54786680541103,0.0,,,0.07787592383503199,0.0,0.07787592383503199,0.0,0.0,0.0547945205479452,0.08447061048848536,0.0,,,0.08074257920178367,0.0,0.08074257920178367,0.0,0.0,0.0547945205479452,0.08079658140501746,0.0,,,10,1,3,6,,,,,,1,,,9,0,,9,0,0,2,7,0,2,7,0,1032,766,176,160,39,266,16,,,,,,,56056.0,4056.0,,,,49307.0,2693.0,,,619.0,,,5322.0,3880.0,,1222.0,220.0,220.0,27.0,1182.0,13.0,4809.0,500.0,13.0,,13.77450980392157,10.25,14.383333333333333,8.6875,8.6875,19.416666666666668,13.0390625,13.8125,,,10.804631717399472,10.25644329896907,12.990793780687397,8.329545454545455,8.329545454545455,19.805555555555554,12.813240270727583,14.980769230769232,,,0.0772500313797055,0.09594001754805775,0.07298300448072224,0.1159090909090909,0.1159090909090909,0.05159817351598174,0.07877012322898932,0.07480192416525183,,,0.09291986778515894,0.0958762886597938,0.07861292217518014,0.12024793388429753,0.12024793388429753,0.05053272450532724,0.07937458077705156,0.06768098907317922,,,56,5,13,38,,,,,,6,,,51,2,,45,4,4,9,32,4,4,43,4,2023-02-24 17:49:46.770000,2022-08-10
2022-07,11,4,415,266,137,39,37,9,149,2,14,2,0,2,0,0,6,7,2,,,,2,3,,,0,31,,,,,,2231.0,150.0,,,,1968.0,113.0,,,38741.0,210.0,,,11.0,0.0,,11.0,0.0,0.0,0.0,10.0,1.0,0.0,10.0,1.0,618.0,,16.875,0.0,16.875,0.0,0.0,0.0,15.5,18.25,,,15.75,0.0,15.75,0.0,0.0,0.0,15.5,18.25,,,0.05965532479010163,0.0,0.05965532479010163,0.0,0.0,0.0,0.06451612903225806,0.0547945205479452,,,0.06363234644277507,0.0,0.06363234644277507,0.0,0.0,0.0,0.06451612903225806,0.0547945205479452,,,7,2,3,2,,,,,,2,,,2,0,,2,0,0,0,1,1,0,1,1,415,266,177,143,36,149,34,,,,,,,38741.0,467.0,,,,34762.0,3512.0,,,235.0,,,618.0,0.0,,617.0,1.0,0.0,66.0,545.0,6.0,0.0,612.0,6.0,,15.69,0.0,15.583333333333334,18.25,0.0,20.0,14.775,11.041666666666666,,,18.066747572815537,0.0,18.066450567260937,18.25,0.0,20.000000000000004,17.909633027522933,11.041666666666666,,,0.06904494393900631,0.0,0.06963871158030054,0.0547945205479452,0.0,0.05,0.069548192580032,0.09597452535448209,,,0.05595411074438624,0.0,0.055955990145028764,0.0547945205479452,0.0,0.05,0.056236694985974056,0.09597452535448209,,,49,15,15,19,,,,,,5,,,25,0,,24,1,0,8,10,6,0,19,6,2023-02-24 17:42:56.781000,2022-07-11
2022-07,5,1,311,196,114,9,9,4,115,0,1,1,0,1,0,0,3,4,3,,,,0,1,,,0,5,,,,,,54.0,44.0,,,,0.0,10.0,,,116.0,0.0,,,1.0,0.0,,1.0,0.0,0.0,0.0,1.0,0.0,0.0,1.0,0.0,17.0,,14.25,0.0,14.25,0.0,0.0,0.0,14.25,0.0,,,14.25,0.0,14.25,0.0,0.0,0.0,14.25,0.0,,,0.07017543859649122,0.0,0.07017543859649122,0.0,0.0,0.0,0.07017543859649122,0.0,,,0.07017543859649122,0.0,0.07017543859649122,0.0,0.0,0.0,0.07017543859649122,0.0,,,4,0,1,3,,,,,,0,,,1,0,,1,0,0,0,1,0,0,1,0,311,196,25,25,8,115,0,,,,,,,116.0,106.0,,,,0.0,10.0,,,0.0,,,17.0,0.0,,17.0,0.0,0.0,2.0,14.0,1.0,0.0,16.0,1.0,,15.25,0.0,15.25,0.0,0.0,20.0,14.4,10.0,,,14.720588235294116,0.0,14.720588235294116,0.0,0.0,20.0,14.303571428571429,10.0,,,0.06952874090581372,0.0,0.06952874090581372,0.0,0.0,0.05,0.07124598544930197,0.1,,,0.06987111027146653,0.0,0.06987111027146653,0.0,0.0,0.05,0.07055777675820935,0.1,,,8,0,1,7,,,,,,0,,,8,0,,8,0,0,2,5,1,0,7,1,2023-02-24 17:41:43.978000,2022-07-04
2022-07,14,11,935,693,237,16,16,8,242,0,2,5,0,5,0,1,16,3,1,,,,0,2,,,1,134,,,,,,202005.0,5.0,,,,0.0,202000.0,,,754085.0,0.0,,,94.0,0.0,,94.0,0.0,0.0,43.0,40.0,11.0,0.0,83.0,11.0,14148.0,,16.90909090909091,0.0,16.90909090909091,0.0,0.0,20.0,14.5625,13.875,,,17.388297872340427,0.0,17.388297872340427,0.0,0.0,20.0,14.5625,17.454545454545453,,,0.06261022259256178,0.0,0.06261022259256178,0.0,0.0,0.05,0.0696636925188744,0.08002883922134102,,,0.05946549004392729,0.0,0.05946549004392729,0.0,0.0,0.05,0.0696636925188744,0.059382578488562626,,,3,0,2,1,,,,,,0,,,11,0,,11,0,0,5,4,2,0,9,2,935,693,719,592,146,242,127,,,,,,,754085.0,3168.0,,,,434402.0,316515.0,,,4568.0,,,14148.0,6500.0,,7566.0,82.0,81.0,2568.0,3455.0,1543.0,11074.0,1531.0,1543.0,,15.376190476190477,10.5,15.791237113402062,10.25,8.25,20.0,14.147058823529411,13.902777777777779,,,12.770144189991514,10.5,14.768107322231037,8.371951219512194,8.25,20.0,12.953400868306801,10.124108878807519,,,0.07062471630335361,0.09247028794767487,0.06802619940837809,0.10792860107928601,0.12121212121212122,0.05,0.07378990969653478,0.0797364415605223,,,0.08337738380926599,0.0923076923076923,0.07530402455653785,0.1204021504723142,0.1212121212121212,0.05,0.08234037928487072,0.1016618531208925,,,248,110,79,59,,,,,,16,,,105,3,,97,5,4,28,51,18,7,80,18,2023-02-24 17:45:42.666000,2022-07-24
2022-07,18,4,908,672,229,59,55,15,236,4,18,3,0,3,0,0,11,12,5,,,,4,3,,,0,126,,,,,,59803.0,179.0,,,,53956.0,5668.0,,,543552.0,0.0,,,18.0,0.0,,18.0,0.0,0.0,2.0,16.0,0.0,0.0,18.0,0.0,10623.0,,15.0,0.0,15.0,0.0,0.0,20.0,10.0,0.0,,,11.11111111111111,0.0,11.11111111111111,0.0,0.0,20.0,10.0,0.0,,,0.075,0.0,0.075,0.0,0.0,0.05,0.1,0.0,,,0.09444444444444446,0.0,0.09444444444444446,0.0,0.0,0.05,0.1,0.0,,,14,5,4,5,,,,,,0,,,4,0,,4,0,0,2,2,0,0,4,0,908,672,690,569,136,236,121,,,,,,,543552.0,2656.0,,,,430671.0,110225.0,,,3567.0,,,10623.0,6500.0,,4112.0,11.0,10.0,103.0,2477.0,1532.0,7821.0,1270.0,1532.0,,15.131944444444445,10.5,15.395522388059701,13.25,8.25,20.0,13.606060606060606,13.90625,,,10.8726583827544,10.5,11.466318093385212,9.15909090909091,8.25,20.0,11.974162293096487,10.071475195822455,,,0.07200358792725758,0.09247028794767487,0.07060956455461873,0.08800332088003321,0.12121212121212122,0.05,0.0774437138034162,0.07969989185291997,,,0.09258718420467034,0.0923076923076923,0.09296856567936379,0.11517415751537795,0.12121212121212122,0.05,0.08919084015800607,0.1019654249361377,,,226,107,70,49,,,,,,13,,,72,3,,67,2,1,18,33,16,4,52,16,2023-02-24 17:44:50.249000,2022-07-20
2022-08,6,2,1022,758,250,25,23,5,264,2,4,2,0,2,0,0,22,4,4,,,,0,0,,,0,148,,,,,,1639.0,1639.0,,,,0.0,0.0,,,832070.0,0.0,,,11.0,0.0,,11.0,0.0,0.0,0.0,10.0,1.0,0.0,10.0,1.0,32430.0,,13.75,0.0,13.75,0.0,0.0,0.0,13.25,14.25,,,13.34090909090909,0.0,13.34090909090909,0.0,0.0,0.0,13.25,14.25,,,0.07282356835484938,0.0,0.07282356835484938,0.0,0.0,0.0,0.07547169811320754,0.07017543859649122,,,0.07499021997532423,0.0,0.07499021997532423,0.0,0.0,0.0,0.07547169811320754,0.07017543859649122,,,4,0,0,4,,,,,,0,,,2,0,,2,0,0,0,1,1,0,1,1,1022,758,149,135,25,264,14,,,,,,,52043.0,2187.0,,,,49201.0,655.0,,,516.0,,,2355.0,1890.0,,245.0,220.0,220.0,24.0,208.0,13.0,1890.0,452.0,13.0,,14.0,10.0,14.814516129032258,8.6875,8.6875,19.708333333333332,13.607142857142858,13.8125,,,10.329723991507434,10.0,14.669387755102038,8.329545454545455,8.329545454545455,19.927083333333336,14.04326923076923,14.980769230769232,,,0.07623493202610722,0.09841269841269841,0.07040027389970316,0.1159090909090909,0.1159090909090909,0.050799086757990865,0.07516220350865929,0.07480192416525183,,,0.09753046450193317,0.09841269841269841,0.0703252997857435,0.12024793388429753,0.12024793388429753,0.05019977168949772,0.07281274552407638,0.06768098907317922,,,36,4,4,28,,,,,,3,,,36,1,,31,4,4,6,21,4,1,31,4,2023-02-24 17:49:18.688000,2022-08-08
2022-07,13,8,919,680,232,53,50,10,239,3,11,5,0,4,1,2,13,4,1,,,,1,2,,,2,128,,,,,,5296.0,10.0,,,,1000.0,4286.0,,,548848.0,1000.0,,,625.0,0.0,,575.0,50.0,50.0,0.0,575.0,0.0,543.0,82.0,0.0,11248.0,,14.291666666666666,0.0,15.5,8.25,8.25,0.0,15.5,0.0,,,14.920000000000002,0.0,15.5,8.25,8.25,0.0,15.5,0.0,,,0.07396546106223525,0.0,0.06451612903225806,0.12121212121212122,0.12121212121212122,0.0,0.06451612903225806,0.0,,,0.06905180840664712,0.0,0.06451612903225805,0.12121212121212122,0.12121212121212122,0.0,0.06451612903225805,0.0,,,5,1,3,1,,,,,,2,,,6,0,,5,1,1,0,5,0,1,5,0,919,680,703,579,140,239,124,,,,,,,548848.0,2666.0,,,,431671.0,114511.0,,,4567.0,,,11248.0,6500.0,,4687.0,61.0,60.0,103.0,3052.0,1532.0,8364.0,1352.0,1532.0,,15.067307692307692,10.5,15.402777777777779,11.583333333333334,8.25,20.0,13.855263157894736,13.90625,,,11.097550675675679,10.5,11.961169191380414,8.413934426229508,8.25,20.0,12.638433813892528,10.071475195822455,,,0.07215450124533275,0.09247028794767487,0.07018640931001031,0.09907292099072922,0.12121212121212122,0.05,0.07574271580721118,0.07969989185291997,,,0.09127943083751489,0.0923076923076923,0.08947802779327768,0.120123308086479,0.12121212121212122,0.05,0.08454209871065839,0.1019654249361377,,,231,108,73,50,,,,,,15,,,78,3,,72,3,2,18,38,16,5,57,16,2023-02-24 17:45:02.773000,2022-07-21
2022-07,23,13,959,712,241,34,34,17,247,0,2,8,1,6,1,3,20,9,8,,,,0,1,,,0,140,,,,,,198.0,196.0,,,,0.0,2.0,,,778171.0,100.0,,,12420.0,10180.0,,2239.0,1.0,1.0,1576.0,663.0,0.0,10800.0,1620.0,0.0,29969.0,,13.666666666666666,2.75,15.3,8.25,8.25,20.0,14.125,0.0,,,5.611090982286634,2.75,18.61835640911121,8.25,8.25,20.0,15.334087481146305,0.0,,,0.07428441842853402,0.0831041257367387,0.06870967741935485,0.12121212121212122,0.12121212121212122,0.05,0.07338709677419356,0.0,,,0.07797142375917503,0.0831041257367387,0.054615395697964246,0.12121212121212122,0.12121212121212122,0.05,0.06558653237970126,0.0,,,10,0,2,8,,,,,,1,,,12,1,,10,1,1,2,8,0,2,10,0,959,712,744,612,153,247,132,,,,,,,778171.0,3459.0,,,,455750.0,318962.0,,,4779.0,,,29969.0,19980.0,,9806.0,183.0,182.0,4144.0,4118.0,1544.0,25174.0,3251.0,1544.0,,15.133333333333333,9.05,15.768518518518519,9.678571428571429,8.25,20.0,14.14406779661017,14.131578947368421,,,9.593413193633427,6.633883883883883,15.64758821129921,8.304644808743172,8.250000000000002,20.000000000000004,13.336692569208347,10.129371761658028,,,0.07137739668356108,0.08855754337049812,0.06796696886439044,0.11172389254581036,0.12121212121212122,0.05,0.07373529099520036,0.07842370887564983,,,0.08114065587320927,0.08596096096096095,0.07057810680023005,0.12084918350357382,0.12121212121212123,0.049999999999999996,0.07964300179625314,0.10163149863088407,,,272,113,89,70,,,,,,20,,,120,5,,108,7,6,30,59,19,10,91,19,2023-02-24 17:46:22.335000,2022-07-27
2022-07,10,3,957,710,243,52,50,8,247,2,11,1,1,0,0,1,17,6,2,,,,1,3,,,3,140,,,,,,20764.0,77.0,,,,20348.0,339.0,,,777973.0,11.0,,,3300.0,3300.0,,0.0,0.0,0.0,0.0,0.0,0.0,3300.0,0.0,0.0,17549.0,,11.0,11.0,0.0,0.0,0.0,0.0,0.0,0.0,,,11.0,11.0,0.0,0.0,0.0,0.0,0.0,0.0,,,0.08227272727272728,0.08227272727272728,0.0,0.0,0.0,0.0,0.0,0.0,,,0.08227272727272728,0.08227272727272728,0.0,0.0,0.0,0.0,0.0,0.0,,,7,2,3,2,,,,,,2,,,1,1,,0,0,0,0,0,0,1,0,0,957,710,741,609,152,247,132,,,,,,,777973.0,3263.0,,,,455750.0,318960.0,,,4679.0,,,17549.0,9800.0,,7567.0,182.0,181.0,2568.0,3455.0,1544.0,14374.0,1631.0,1544.0,,15.296296296296296,10.625,15.816326530612244,9.916666666666666,8.25,20.0,14.147058823529411,14.131578947368421,,,12.411832583053156,10.668367346938776,14.768567463988367,8.304945054945057,8.25,20.0,12.953400868306803,10.12937176165803,,,0.071054394267453,0.08992089777893797,0.06789118227714919,0.11014252110142521,0.12121212121212122,0.049999999999999996,0.07378990969653478,0.07842370887564983,,,0.08338362486610382,0.08892857142857141,0.07530131416880048,0.12084718934034006,0.12121212121212122,0.049999999999999996,0.0823403792848707,0.10163149863088411,,,262,113,87,62,,,,,,19,,,108,4,,98,6,5,28,51,19,8,81,19,2023-02-24 17:46:09.157000,2022-07-26
2022-08,11,6,979,728,245,32,31,10,251,1,4,5,0,3,2,0,20,5,4,,,,0,1,,,0,142,,,,,,154.0,144.0,,,,0.0,10.0,,,780181.0,6.0,,,122.0,0.0,,12.0,110.0,110.0,0.0,12.0,0.0,0.0,122.0,0.0,30197.0,,11.85,0.0,14.25,8.25,8.25,0.0,14.25,0.0,,,8.932377049180328,0.0,15.1875,8.25,8.25,0.0,15.1875,0.0,,,0.09131257669349639,0.0,0.07137954701441318,0.12121212121212122,0.12121212121212122,0.0,0.07137954701441318,0.0,,,0.11580423881694177,0.0,0.06623198352779684,0.12121212121212122,0.12121212121212122,0.0,0.06623198352779684,0.0,,,5,0,1,4,,,,,,1,,,5,0,,3,2,2,0,3,0,0,5,0,979,728,32,31,10,251,1,,,,,,,154.0,144.0,,,,0.0,10.0,,,6.0,,,122.0,0.0,,12.0,110.0,110.0,0.0,12.0,0.0,0.0,122.0,0.0,,11.85,0.0,14.25,8.25,8.25,0.0,14.25,0.0,,,8.932377049180328,0.0,15.1875,8.25,8.25,0.0,15.1875,0.0,,,0.09131257669349639,0.0,0.07137954701441318,0.12121212121212122,0.12121212121212122,0.0,0.07137954701441318,0.0,,,0.11580423881694177,0.0,0.06623198352779684,0.12121212121212122,0.12121212121212122,0.0,0.06623198352779684,0.0,,,5,0,1,4,,,,,,1,,,5,0,,3,2,2,0,3,0,0,5,0,2023-02-24 17:47:28.815000,2022-08-01
2022-07,8,2,928,686,234,44,41,6,242,3,10,2,0,1,1,0,13,4,1,,,,2,1,,,0,130,,,,,,2794.0,60.0,,,,2731.0,3.0,,,551642.0,0.0,,,21.0,0.0,,1.0,20.0,20.0,1.0,0.0,0.0,0.0,21.0,0.0,11269.0,,14.125,0.0,20.0,8.25,8.25,20.0,0.0,0.0,,,8.809523809523808,0.0,20.0,8.25,8.25,20.0,0.0,0.0,,,0.0856060606060606,0.0,0.05,0.12121212121212122,0.12121212121212122,0.05,0.0,0.0,,,0.11782106782106783,0.0,0.05,0.12121212121212122,0.12121212121212122,0.05,0.0,0.0,,,6,2,3,1,,,,,,0,,,2,0,,1,1,1,1,0,0,0,2,0,928,686,713,586,142,242,127,,,,,,,551642.0,2726.0,,,,434402.0,114514.0,,,4567.0,,,11269.0,6500.0,,4688.0,81.0,80.0,104.0,3052.0,1532.0,8364.0,1373.0,1532.0,,15.04375,10.5,15.465753424657533,10.75,8.25,20.0,13.855263157894736,13.90625,,,11.093286893246963,10.5,11.962883959044367,8.373456790123456,8.25,20.000000000000004,12.638433813892528,10.071475195822455,,,0.07249079022935094,0.09247028794767487,0.06990988315507868,0.10460772104607721,0.12121212121212122,0.049999999999999996,0.07574271580721119,0.07969989185291997,,,0.09132889169266215,0.0923076923076923,0.08946960671226376,0.12039215083355113,0.12121212121212122,0.05,0.08454209871065839,0.1019654249361377,,,237,110,76,51,,,,,,15,,,80,3,,73,4,3,19,38,16,5,59,16,2023-02-24 17:45:16.920000,2022-07-22
2022-08,6,3,982,731,246,28,28,5,251,0,3,2,0,1,1,0,20,3,2,,,,0,1,,,0,143,,,,,,88.0,87.0,,,,0.0,1.0,,,780269.0,0.0,,,102.0,0.0,,2.0,100.0,100.0,0.0,2.0,0.0,0.0,102.0,0.0,30299.0,,13.083333333333334,0.0,15.5,8.25,8.25,0.0,15.5,0.0,,,8.392156862745098,0.0,15.5,8.25,8.25,0.0,15.5,0.0,,,0.08341479309221245,0.0,0.06451612903225806,0.12121212121212122,0.12121212121212122,0.0,0.06451612903225806,0.0,,,0.12010043509094741,0.0,0.06451612903225806,0.12121212121212122,0.12121212121212122,0.0,0.06451612903225806,0.0,,,3,0,1,2,,,,,,0,,,3,0,,2,1,1,0,2,0,0,3,0,982,731,48,47,11,251,1,,,,,,,242.0,231.0,,,,0.0,11.0,,,6.0,,,224.0,0.0,,14.0,210.0,210.0,0.0,14.0,0.0,0.0,224.0,0.0,,12.3125,0.0,14.75,8.25,8.25,0.0,14.75,0.0,,,8.686383928571427,0.0,15.232142857142856,8.25,8.25,0.0,15.232142857142856,0.0,,,0.08835090784301491,0.0,0.06863417982155114,0.12121212121212122,0.12121212121212122,0.0,0.06863417982155114,0.0,,,0.11776054247742648,0.0,0.0659868614570056,0.12121212121212122,0.12121212121212122,0.0,0.0659868614570056,0.0,,,8,0,2,6,,,,,,1,,,8,0,,5,3,3,0,5,0,0,8,0,2023-02-24 17:47:41.908000,2022-08-02
2022-08,5,1,1038,768,256,14,14,5,270,0,0,1,0,1,0,0,25,4,4,,,,0,0,,,0,155,,,,,,129.0,129.0,,,,0.0,0.0,,,851334.0,0.0,,,1.0,0.0,,1.0,0.0,0.0,0.0,1.0,0.0,0.0,1.0,0.0,37002.0,,14.25,0.0,14.25,0.0,0.0,0.0,14.25,0.0,,,14.25,0.0,14.25,0.0,0.0,0.0,14.25,0.0,,,0.07017543859649122,0.0,0.07017543859649122,0.0,0.0,0.0,0.07017543859649122,0.0,,,0.07017543859649122,0.0,0.07017543859649122,0.0,0.0,0.0,0.07017543859649122,0.0,,,4,0,0,4,,,,,,0,,,1,0,,1,0,0,0,1,0,0,1,0,1038,768,202,182,41,270,20,,,,,,,71307.0,4536.0,,,,59307.0,7464.0,,,621.0,,,6927.0,3880.0,,2527.0,520.0,520.0,29.0,2485.0,13.0,4809.0,2105.0,13.0,,13.902542372881356,10.25,14.51923076923077,8.95,8.95,19.204545454545453,13.202702702702704,13.8125,,,11.420023098022234,10.25644329896907,13.644242184408391,9.29326923076923,9.29326923076923,19.698275862068964,13.566599597585514,14.980769230769232,,,0.0762748785498869,0.09594001754805775,0.07201348914828552,0.11272727272727272,0.11272727272727272,0.05217932752179328,0.07760867935973283,0.07480192416525183,,,0.08893716210263311,0.0958762886597938,0.07424344140498379,0.10856643356643356,0.10856643356643356,0.050826641473783664,0.07455104666788853,0.06768098907317922,,,75,6,18,51,,,,,,8,,,59,2,,52,5,5,11,37,4,4,51,4,2023-02-24 17:50:30.452000,2022-08-13
2022-08,4,4,1070,792,,7,7,3,278,0,10,2,2,0,0,0,26,0,0,,,,0,0,,,0,162,,,,,,0.0,0.0,,,,0.0,0.0,,,869968.0,3001.0,,,5280.0,5280.0,,0.0,0.0,0.0,0.0,0.0,0.0,5280.0,0.0,0.0,59979.0,,11.0,11.0,0.0,0.0,0.0,0.0,0.0,0.0,,,11.0,11.0,0.0,0.0,0.0,0.0,0.0,0.0,,,0.08636363636363636,0.08636363636363636,0.0,0.0,0.0,0.0,0.0,0.0,,,0.08636363636363636,0.08636363636363636,0.0,0.0,0.0,0.0,0.0,0.0,,,0,0,0,0,,,,,,2,,,2,2,,0,0,0,0,0,0,2,0,0,1070,792,245,218,53,278,27,,,,,,,89941.0,6018.0,,,,59307.0,24616.0,,,3653.0,,,29904.0,22700.0,,6644.0,560.0,560.0,36.0,6593.0,15.0,24557.0,5332.0,15.0,,14.076923076923077,10.4,14.875,9.178571428571429,9.178571428571429,19.51388888888889,13.107142857142858,13.333333333333334,,,10.957681246655966,9.97819383259912,14.441751956652617,9.325892857142858,9.325892857142858,19.75694444444444,14.41229334142272,14.633333333333331,,,0.07569022566479888,0.09187271710382092,0.07084203780006222,0.1098427887901572,0.1098427887901572,0.051331811263318115,0.07826144432306636,0.07743687174926563,,,0.088160126990697,0.0929955947136564,0.06995494113747186,0.10814251537935748,0.10814251537935748,0.05066590563165904,0.07006088122597263,0.0696844261190611,,,111,6,33,72,,,,,,18,,,78,5,,66,7,7,18,42,6,8,64,6,2023-02-24 17:51:37.936000,2022-08-18
2022-07,2,0,325,198,115,28,22,2,127,6,8,0,0,0,0,0,3,2,1,,,,1,0,,,0,7,,,,,,15.0,5.0,,,,10.0,0.0,,,211.0,0.0,,,0.0,0.0,,0.0,0.0,0.0,0.0,0.0,0.0,0.0,0.0,0.0,30.0,,0.0,0.0,0.0,0.0,0.0,0.0,0.0,0.0,,,0.0,0.0,0.0,0.0,0.0,0.0,0.0,0.0,,,0.0,0.0,0.0,0.0,0.0,0.0,0.0,0.0,,,0.0,0.0,0.0,0.0,0.0,0.0,0.0,0.0,,,2,1,0,1,,,,,,0,,,0,0,,0,0,0,0,0,0,0,0,0,325,198,55,43,10,127,12,,,,,,,211.0,189.0,,,,10.0,12.0,,,0.0,,,30.0,0.0,,30.0,0.0,0.0,3.0,24.0,3.0,0.0,27.0,3.0,,14.333333333333334,0.0,14.333333333333334,0.0,0.0,20.0,13.833333333333334,9.666666666666666,,,13.308333333333332,0.0,13.308333333333332,0.0,0.0,20.0,12.927083333333334,9.666666666666666,,,0.0756387778287562,0.0,0.0756387778287562,0.0,0.0,0.05000000000000001,0.07452316969260012,0.10350877192982455,,,0.0785808699831771,0.0,0.0785808699831771,0.0,0.0,0.05,0.07903749098774332,0.10350877192982455,,,15,1,2,12,,,,,,0,,,12,0,,12,0,0,3,6,3,0,9,3,2023-02-24 17:42:14.543000,2022-07-07
2022-07,1,1,310,195,114,10,10,2,115,0,0,1,0,1,0,1,1,0,0,,,,0,0,,,0,2,,,,,,0.0,0.0,,,,0.0,0.0,,,24.0,0.0,,,1.0,0.0,,1.0,0.0,0.0,0.0,1.0,0.0,0.0,1.0,0.0,1.0,,18.25,0.0,18.25,0.0,0.0,0.0,18.25,0.0,,,18.25,0.0,18.25,0.0,0.0,0.0,18.25,0.0,,,0.0547945205479452,0.0,0.0547945205479452,0.0,0.0,0.0,0.0547945205479452,0.0,,,0.0547945205479452,0.0,0.0547945205479452,0.0,0.0,0.0,0.0547945205479452,0.0,,,0,0,0,0,,,,,,0,,,1,0,,1,0,0,0,1,0,0,1,0,310,195,20,20,4,115,0,,,,,,,24.0,24.0,,,,0.0,0.0,,,0.0,,,1.0,0.0,,1.0,0.0,0.0,0.0,1.0,0.0,0.0,1.0,0.0,,18.25,0.0,18.25,0.0,0.0,0.0,18.25,0.0,,,18.25,0.0,18.25,0.0,0.0,0.0,18.25,0.0,,,0.0547945205479452,0.0,0.0547945205479452,0.0,0.0,0.0,0.0547945205479452,0.0,,,0.0547945205479452,0.0,0.0547945205479452,0.0,0.0,0.0,0.0547945205479452,0.0,,,2,0,0,2,,,,,,0,,,1,0,,1,0,0,0,1,0,0,1,0,2023-02-24 17:41:22.282000,2022-07-02
2022-07,10,6,975,725,243,40,40,7,250,0,9,3,0,3,0,0,20,4,3,,,,0,1,,,0,142,,,,,,63.0,61.0,,,,0.0,2.0,,,780027.0,0.0,,,34.0,0.0,,34.0,0.0,0.0,4.0,30.0,0.0,0.0,34.0,0.0,30075.0,,18.958333333333332,0.0,18.958333333333332,0.0,0.0,20.0,16.875,0.0,,,16.83823529411765,0.0,16.83823529411765,0.0,0.0,20.0,16.416666666666664,0.0,,,0.053218441596700534,0.0,0.053218441596700534,0.0,0.0,0.05,0.05965532479010163,0.0,,,0.05994905253307686,0.0,0.05994905253307686,0.0,0.0,0.05,0.06127559287082044,0.0,,,4,0,1,3,,,,,,0,,,6,0,,6,0,0,4,2,0,0,6,0,975,725,762,627,155,250,135,,,,,,,780027.0,4066.0,,,,455750.0,320211.0,,,4779.0,,,30075.0,19980.0,,9902.0,193.0,192.0,4180.0,4177.0,1545.0,25174.0,3356.0,1545.0,,15.374087591240876,9.05,16.008064516129032,9.5,8.25,20.0,14.215909090909092,14.3375,,,9.617963424771403,6.633883883883883,15.664815188850731,8.30181347150259,8.25,20.000000000000004,13.372037347378495,10.134627831715212,,,0.07025084705417388,0.08855754337049812,0.06676047548819788,0.11290992112909921,0.12121212121212122,0.049999999999999996,0.0732341510810795,0.07724224945926458,,,0.08108135154223872,0.08596096096096095,0.07045991979797579,0.12086798856619284,0.12121212121212122,0.05000000000000001,0.07941591990254329,0.10160118343471393,,,290,113,92,85,,,,,,20,,,137,5,,124,8,7,38,66,20,10,107,20,2023-02-24 17:47:15.770000,2022-07-31
2022-07,7,3,966,716,243,25,24,7,250,1,3,3,0,3,0,0,20,4,4,,,,0,0,,,0,141,,,,,,242.0,242.0,,,,0.0,0.0,,,779964.0,0.0,,,31.0,0.0,,31.0,0.0,0.0,31.0,0.0,0.0,0.0,31.0,0.0,30041.0,,20.0,0.0,20.0,0.0,0.0,20.0,0.0,0.0,,,20.0,0.0,20.0,0.0,0.0,20.0,0.0,0.0,,,0.05000000000000001,0.0,0.05000000000000001,0.0,0.0,0.05000000000000001,0.0,0.0,,,0.05,0.0,0.05,0.0,0.0,0.05,0.0,0.0,,,4,0,0,4,,,,,,0,,,3,0,,3,0,0,3,0,0,0,3,0,966,716,752,617,154,250,135,,,,,,,779964.0,4005.0,,,,455750.0,320209.0,,,4779.0,,,30041.0,19980.0,,9868.0,193.0,192.0,4176.0,4147.0,1545.0,25174.0,3322.0,1545.0,,15.209923664122137,9.05,15.858050847457626,9.5,8.25,20.0,14.1328125,14.3375,,,9.609791618121902,6.633883883883883,15.660772192946904,8.30181347150259,8.25,20.000000000000004,13.350012056908616,10.134627831715212,,,0.07103095722779862,0.08855754337049812,0.06744905348268079,0.11290992112909921,0.12121212121212122,0.05,0.07365848940267256,0.07724224945926458,,,0.08110526879420477,0.08596096096096095,0.07049613478449857,0.12086798856619284,0.12121212121212122,0.05,0.07954714966163459,0.10160118343471393,,,286,113,91,82,,,,,,20,,,131,5,,118,8,7,34,64,20,10,101,20,2023-02-24 17:47:01.602000,2022-07-30
2022-07,14,9,401,254,132,21,19,8,147,2,7,4,0,4,0,2,6,5,3,,,,0,2,,,1,27,,,,,,71.0,65.0,,,,0.0,6.0,,,36510.0,0.0,,,566.0,0.0,,566.0,0.0,0.0,63.0,501.0,2.0,0.0,564.0,2.0,607.0,,16.97222222222222,0.0,16.97222222222222,0.0,0.0,20.0,16.875,9.5,,,18.409010600706708,0.0,18.409010600706708,0.0,0.0,20.0,18.244510978043913,9.5,,,0.06442632948551967,0.0,0.06442632948551967,0.0,0.0,0.05,0.05965532479010163,0.10526315789473684,,,0.05445636522755183,0.0,0.05445636522755183,0.0,0.0,0.05,0.05481392495609752,0.10526315789473684,,,5,0,2,3,,,,,,0,,,9,0,,9,0,0,5,2,2,0,7,2,401,254,160,128,32,147,32,,,,,,,36510.0,317.0,,,,32794.0,3399.0,,,25.0,,,607.0,0.0,,606.0,1.0,0.0,66.0,535.0,5.0,0.0,602.0,5.0,,15.58695652173913,0.0,15.465909090909092,18.25,0.0,20.0,14.694444444444445,9.6,,,18.108731466227344,0.0,18.108498349834985,18.25,0.0,20.000000000000007,17.954672897196268,9.600000000000001,,,0.06986143256065021,0.0,0.07054629219759134,0.0547945205479452,0.0,0.049999999999999996,0.0701073107520069,0.10421052631578946,,,0.05581496644013207,0.0,0.055816650344244614,0.0547945205479452,0.0,0.049999999999999996,0.056081939209408,0.10421052631578948,,,42,13,12,17,,,,,,3,,,23,0,,22,1,0,8,9,5,0,18,5,2023-02-24 17:42:46.298000,2022-07-10
2022-07,8,6,310,195,114,4,4,4,115,0,0,2,0,2,0,2,3,2,2,,,,0,0,,,2,4,,,,,,38.0,38.0,,,,0.0,0.0,,,62.0,0.0,,,15.0,0.0,,15.0,0.0,0.0,2.0,12.0,1.0,0.0,14.0,1.0,16.0,,14.916666666666666,0.0,14.916666666666666,0.0,0.0,20.0,13.166666666666666,10.0,,,14.516666666666666,0.0,14.516666666666666,0.0,0.0,20.0,13.979166666666666,10.0,,,0.07187666135034555,0.0,0.07187666135034555,0.0,0.0,0.05,0.07708665603402445,0.1,,,0.07085592769803295,0.0,0.07085592769803295,0.0,0.0,0.05,0.07190324295587452,0.1,,,2,0,0,2,,,,,,0,,,6,0,,6,0,0,2,3,1,0,5,1,310,195,23,23,8,115,0,,,,,,,62.0,62.0,,,,0.0,0.0,,,0.0,,,16.0,0.0,,16.0,0.0,0.0,2.0,13.0,1.0,0.0,15.0,1.0,,15.392857142857142,0.0,15.392857142857142,0.0,0.0,20.0,14.4375,10.0,,,14.75,0.0,14.75,0.0,0.0,20.0,14.307692307692308,10.0,,,0.06943635552143122,0.0,0.06943635552143122,0.0,0.0,0.05,0.07151362216250465,0.1,,,0.06985208975115248,0.0,0.06985208975115248,0.0,0.0,0.05,0.07058718738603383,0.1,,,4,0,0,4,,,,,,0,,,7,0,,7,0,0,2,4,1,0,6,1,2023-02-24 17:41:33.304000,2022-07-03
2022-07,20,9,433,278,143,24,21,10,155,3,6,3,0,3,0,2,8,7,3,,,,1,3,,,2,39,,,,,,13405.0,253.0,,,,9227.0,3925.0,,,55353.0,10.0,,,1391.0,0.0,,1391.0,0.0,0.0,10.0,1351.0,30.0,1321.0,40.0,30.0,2016.0,,15.875,0.0,15.875,0.0,0.0,20.0,13.0625,18.25,,,9.866642703091301,0.0,9.866642703091301,0.0,0.0,20.0,9.605477424130274,18.25,,,0.0667231700727265,0.0,0.0667231700727265,0.0,0.0,0.05,0.0798504497344941,0.0547945205479452,,,0.10304662372812227,0.0,0.10304662372812227,0.0,0.0,0.05,0.10451074610612862,0.0547945205479452,,,11,1,7,3,,,,,,1,,,8,0,,8,0,0,1,4,3,1,4,3,433,278,200,160,46,155,40,,,,,,,55353.0,1785.0,,,,45001.0,8567.0,,,317.0,,,2016.0,0.0,,2015.0,1.0,0.0,76.0,1903.0,36.0,1321.0,659.0,36.0,,15.18125,0.0,15.102564102564102,18.25,0.0,20.0,13.714285714285714,13.444444444444445,,,12.389756944444441,0.0,12.386848635235733,18.25,0.0,20.0,11.994613767735155,17.048611111111114,,,0.07169933687965005,0.0,0.07213279370866814,0.0547945205479452,0.0,0.05,0.07728324956511089,0.08224785708563646,,,0.0885543445247906,0.0,0.08857109877986592,0.0547945205479452,0.0,0.05,0.09062064176188368,0.06165785468236802,,,70,19,26,25,,,,,,9,,,40,0,,39,1,0,9,21,9,1,30,9,2023-02-24 17:43:19.904000,2022-07-13
2022-08,24,12,1060,783,257,45,44,18,277,1,6,5,0,5,0,0,26,11,3,,,,0,8,,,0,162,,,,,,2794.0,278.0,,,,0.0,2516.0,,,869968.0,25.0,,,3085.0,0.0,,3085.0,0.0,0.0,1.0,3083.0,1.0,0.0,3084.0,1.0,54699.0,,13.95,0.0,13.95,0.0,0.0,20.0,11.833333333333334,14.25,,,15.481442463533226,0.0,15.481442463533226,0.0,0.0,20.0,15.480376256892637,14.25,,,0.07693831352574987,0.0,0.07693831352574987,0.0,0.0,0.05,0.0881720430107527,0.07017543859649122,,,0.06463978081870123,0.0,0.06463978081870123,0.0,0.0,0.05,0.06464273382649911,0.07017543859649122,,,12,0,9,3,,,,,,7,,,5,0,,5,0,0,1,3,1,0,4,1,1060,783,245,218,53,277,27,,,,,,,89941.0,6018.0,,,,59307.0,24616.0,,,652.0,,,24624.0,17420.0,,6644.0,560.0,560.0,36.0,6593.0,15.0,19277.0,5332.0,15.0,,14.157894736842104,10.0,14.875,9.178571428571429,9.178571428571429,19.51388888888889,13.107142857142858,13.333333333333334,,,10.948607050032491,9.668484500574053,14.441751956652617,9.325892857142858,9.325892857142858,19.75694444444444,14.41229334142272,14.633333333333331,,,0.0754093464358821,0.0955454375972773,0.07084203780006222,0.1098427887901572,0.1098427887901572,0.051331811263318115,0.07826144432306636,0.07743687174926563,,,0.08854533940585621,0.0950057405281286,0.06995494113747186,0.10814251537935748,0.10814251537935748,0.05066590563165904,0.07006088122597263,0.0696844261190611,,,111,6,33,72,,,,,,16,,,76,3,,66,7,7,18,42,6,6,64,6,2023-02-24 17:51:26.567000,2022-08-17
2022-08,18,8,1029,763,251,30,28,8,266,2,7,2,1,1,0,1,23,8,4,,,,0,4,,,2,150,,,,,,2695.0,672.0,,,,0.0,2023.0,,,834765.0,3.0,,,2004.0,1990.0,,14.0,0.0,0.0,1.0,13.0,0.0,1990.0,14.0,0.0,34434.0,,12.833333333333334,10.5,13.3,0.0,0.0,20.0,11.625,0.0,,,10.519336327345307,10.5,13.267857142857142,0.0,0.0,20.0,12.750000000000004,0.0,,,0.08240178881830536,0.09346733668341708,0.08018867924528301,0.0,0.0,0.05,0.08773584905660378,0.0,,,0.09335338756449364,0.09346733668341708,0.07715633423180593,0.0,0.0,0.05,0.07924528301886793,0.0,,,10,0,6,4,,,,,,2,,,6,1,,5,0,0,1,4,0,1,5,0,1029,763,163,147,29,266,16,,,,,,,54738.0,2859.0,,,,49201.0,2678.0,,,519.0,,,4359.0,3880.0,,259.0,220.0,220.0,25.0,221.0,13.0,3880.0,466.0,13.0,,13.833333333333334,10.25,14.604166666666666,8.6875,8.6875,19.75,13.29,13.8125,,,10.416896077081901,10.25644329896907,14.593629343629345,8.329545454545455,8.329545454545455,19.930000000000003,13.967194570135746,14.980769230769232,,,0.0771159115678498,0.09594001754805775,0.0717597746421448,0.1159090909090909,0.1159090909090909,0.05068493150684932,0.0771739867963304,0.07480192416525183,,,0.0956101015327593,0.0958762886597938,0.07069454489093607,0.12024793388429753,0.12024793388429753,0.05019178082191782,0.07319113008259351,0.06768098907317922,,,46,4,10,32,,,,,,5,,,42,2,,36,4,4,7,25,4,2,36,4,2023-02-24 17:49:32.506000,2022-08-09
2022-08,10,2,1054,778,256,35,31,9,276,4,12,2,0,1,1,0,26,8,6,,,,0,2,,,0,158,,,,,,2654.0,653.0,,,,0.0,2001.0,,,867174.0,0.0,,,948.0,0.0,,928.0,20.0,20.0,0.0,928.0,0.0,928.0,20.0,0.0,51614.0,,11.375,0.0,13.25,9.5,9.5,0.0,13.25,0.0,,,13.170886075949369,0.0,13.25,9.5,9.5,0.0,13.25,0.0,,,0.09036742800397218,0.0,0.07547169811320754,0.10526315789473684,0.10526315789473684,0.0,0.07547169811320754,0.0,,,0.07610020992294445,0.0,0.07547169811320754,0.10526315789473684,0.10526315789473684,0.0,0.07547169811320754,0.0,,,8,0,2,6,,,,,,0,,,2,0,,1,1,1,0,1,0,1,1,0,1054,778,231,205,47,276,26,,,,,,,87147.0,5740.0,,,,59307.0,22100.0,,,627.0,,,21539.0,17420.0,,3559.0,560.0,560.0,35.0,3510.0,14.0,19277.0,2248.0,14.0,,14.172535211267606,10.0,14.950819672131148,9.178571428571429,9.178571428571429,19.485294117647058,13.205128205128204,13.15,,,10.299375551325502,9.668484500574053,13.540531048047201,9.325892857142856,9.325892857142856,19.75,13.4741452991453,14.660714285714285,,,0.07530167269715901,0.0955454375972773,0.0703423430684485,0.1098427887901572,0.1098427887901572,0.05141015310233682,0.07749909057785972,0.07888915837982051,,,0.09196929818952182,0.0950057405281286,0.07456220991617585,0.10814251537935748,0.10814251537935748,0.05068493150684931,0.07481989787343041,0.06964935379924465,,,99,6,24,69,,,,,,9,,,71,3,,61,7,7,17,39,5,6,60,5,2023-02-24 17:51:14.205000,2022-08-16
2022-07,20,10,427,275,142,41,38,11,152,3,12,2,0,2,0,0,6,9,3,,,,3,3,,,0,37,,,,,,3207.0,1065.0,,,,1012.0,1130.0,,,41948.0,72.0,,,7.0,0.0,,7.0,0.0,0.0,0.0,7.0,0.0,0.0,7.0,0.0,625.0,,12.571428571428571,0.0,12.571428571428571,0.0,0.0,0.0,12.571428571428571,0.0,,,12.57142857142857,0.0,12.57142857142857,0.0,0.0,0.0,12.57142857142857,0.0,,,0.0868663594470046,0.0,0.0868663594470046,0.0,0.0,0.0,0.0868663594470046,0.0,,,0.08686635944700462,0.0,0.08686635944700462,0.0,0.0,0.0,0.08686635944700462,0.0,,,10,3,4,3,,,,,,3,,,7,0,,7,0,0,0,7,0,0,7,0,427,275,192,155,43,152,37,,,,,,,41948.0,1532.0,,,,35774.0,4642.0,,,307.0,,,625.0,0.0,,624.0,1.0,0.0,66.0,552.0,6.0,0.0,619.0,6.0,,15.0078125,0.0,14.903225806451612,18.25,0.0,20.0,13.867647058823529,11.041666666666666,,,18.005200000000002,0.0,18.004807692307693,18.25,0.0,20.000000000000004,17.841938405797105,11.041666666666666,,,0.07294337858138095,0.0,0.07352882561471759,0.0547945205479452,0.0,0.05,0.07667920246643249,0.09597452535448209,,,0.05630032792985557,0.0,0.056302741082711195,0.0547945205479452,0.0,0.05,0.056625114643994376,0.09597452535448209,,,59,18,19,22,,,,,,8,,,32,0,,31,1,0,8,17,6,0,26,6,2023-02-24 17:43:08.455000,2022-07-12
2022-08,13,7,1018,756,251,14,13,7,262,1,2,2,0,2,0,0,22,6,4,,,,1,1,,,0,148,,,,,,48495.0,67.0,,,,48160.0,268.0,,,830431.0,0.0,,,34.0,0.0,,34.0,0.0,0.0,13.0,20.0,1.0,0.0,33.0,1.0,32419.0,,16.642857142857142,0.0,16.642857142857142,0.0,0.0,20.0,13.25,10.0,,,15.735294117647058,0.0,15.735294117647058,0.0,0.0,20.000000000000004,13.25,10.0,,,0.06442048517520214,0.0,0.06442048517520214,0.0,0.0,0.05,0.07547169811320754,0.1,,,0.06645394006659268,0.0,0.06645394006659268,0.0,0.0,0.05,0.07547169811320754,0.1,,,6,1,1,4,,,,,,0,,,7,0,,7,0,0,4,2,1,0,6,1,1018,756,142,130,25,262,12,,,,,,,50404.0,548.0,,,,49201.0,655.0,,,516.0,,,2344.0,1890.0,,234.0,220.0,220.0,24.0,198.0,12.0,1890.0,442.0,12.0,,14.014705882352942,10.0,14.887931034482758,8.6875,8.6875,19.708333333333332,13.625,13.666666666666666,,,10.315593003412966,10.0,14.731837606837608,8.329545454545455,8.329545454545455,19.927083333333336,14.083333333333332,15.041666666666668,,,0.07643560047735767,0.09841269841269841,0.07023315014417583,0.1159090909090909,0.1159090909090909,0.050799086757990865,0.07514672877843188,0.07634408602150537,,,0.09763624209996759,0.09841269841269841,0.07010600866572048,0.12024793388429753,0.12024793388429753,0.05019977168949772,0.07267845498927177,0.0674731182795699,,,32,4,4,24,,,,,,3,,,34,1,,29,4,4,6,20,3,1,30,3,2023-02-24 17:49:02.651000,2022-08-07
2022-08,6,3,1016,755,250,21,21,5,261,0,2,2,0,2,1,0,22,3,3,,,,0,0,,,0,147,,,,,,111.0,111.0,,,,0.0,0.0,,,781936.0,0.0,,,21.0,0.0,,11.0,10.0,10.0,0.0,11.0,0.0,0.0,21.0,0.0,32385.0,,11.666666666666666,0.0,12.5,10.0,10.0,0.0,12.5,0.0,,,11.309523809523808,0.0,12.5,10.0,10.0,0.0,12.5,0.0,,,0.08666666666666667,0.0,0.08,0.1,0.1,0.0,0.08,0.0,,,0.08952380952380952,0.0,0.08,0.1,0.1,0.0,0.08,0.0,,,3,0,0,3,,,,,,0,,,3,0,,2,1,1,0,2,0,0,3,0,1016,755,134,123,23,261,11,,,,,,,1909.0,481.0,,,,1041.0,387.0,,,516.0,,,2310.0,1890.0,,200.0,220.0,220.0,11.0,178.0,11.0,1890.0,409.0,11.0,,13.333333333333334,10.0,14.329545454545455,8.6875,8.6875,19.125,13.666666666666666,15.5,,,10.235822510822512,10.0,14.561250000000003,8.329545454545455,8.329545454545455,19.84090909090909,14.176966292134832,15.5,,,0.0795506303705091,0.09841269841269841,0.07208263445248564,0.1159090909090909,0.1159090909090909,0.0523972602739726,0.07511062107456794,0.06451612903225806,,,0.09809520238963634,0.09841269841269841,0.07072686032757222,0.12024793388429753,0.12024793388429753,0.050435865504358655,0.07236460744725651,0.06451612903225806,,,26,3,3,20,,,,,,3,,,27,1,,22,4,4,2,18,2,1,24,2,2023-02-24 17:48:45.122000,2022-08-06
2022-07,17,3,890,658,225,53,50,12,232,3,15,2,0,2,0,0,11,11,4,,,,4,4,,,0,121,,,,,,9632.0,125.0,,,,3896.0,5611.0,,,483749.0,0.0,,,12.0,0.0,,12.0,0.0,0.0,10.0,1.0,1.0,0.0,11.0,1.0,10605.0,,15.0,0.0,15.0,0.0,0.0,20.0,15.5,9.5,,,18.750000000000004,0.0,18.750000000000004,0.0,0.0,20.0,15.5,9.5,,,0.07325976230899829,0.0,0.07325976230899829,0.0,0.0,0.05,0.06451612903225806,0.10526315789473684,,,0.05581494057724958,0.0,0.05581494057724958,0.0,0.0,0.05,0.06451612903225806,0.10526315789473684,,,14,5,5,4,,,,,,0,,,3,0,,3,0,0,1,1,1,0,2,1,890,658,672,555,131,232,117,,,,,,,483749.0,2477.0,,,,376715.0,104557.0,,,3567.0,,,10605.0,6500.0,,4094.0,11.0,10.0,101.0,2461.0,1532.0,7821.0,1252.0,1532.0,,15.139705882352942,10.5,15.420634920634921,13.25,8.25,20.0,13.838709677419354,13.90625,,,10.872253653936822,10.5,11.467879824132876,9.15909090909091,8.25,20.000000000000004,11.986997155627794,10.071475195822455,,,0.07182732839356681,0.09247028794767487,0.07033080674856275,0.08800332088003321,0.12121212121212122,0.049999999999999996,0.07598846953266884,0.07969989185291997,,,0.09258403185348545,0.0923076923076923,0.09296207671557008,0.11517415751537795,0.12121212121212122,0.05000000000000001,0.08912056524639621,0.1019654249361377,,,212,102,66,44,,,,,,13,,,68,3,,63,2,1,16,31,16,4,48,16,2023-02-24 17:44:37.714000,2022-07-19
2022-07,20,8,841,621,214,62,57,11,220,5,31,4,0,4,0,1,11,9,1,,,,2,6,,,6,107,,,,,,7599.0,4.0,,,,3978.0,3617.0,,,463823.0,0.0,,,1488.0,0.0,,1488.0,0.0,0.0,3.0,11.0,1474.0,0.0,14.0,1474.0,10592.0,,16.375,0.0,16.375,0.0,0.0,20.0,16.875,12.416666666666666,,,9.849630376344086,0.0,9.849630376344086,0.0,0.0,20.0,15.75,9.784938941655358,,,0.06682893573970276,0.0,0.06682893573970276,0.0,0.0,0.05000000000000001,0.05965532479010163,0.08844027877913962,,,0.10321596502356628,0.0,0.10321596502356628,0.0,0.0,0.05,0.06363234644277507,0.10361967445332164,,,12,3,8,1,,,,,,0,,,8,0,,8,0,0,3,2,3,0,5,3,841,621,618,513,116,220,105,,,,,,,463823.0,2215.0,,,,368062.0,93546.0,,,567.0,,,10592.0,6500.0,,4081.0,11.0,10.0,91.0,2460.0,1530.0,7821.0,1241.0,1530.0,,15.09765625,10.5,15.39406779661017,13.25,8.25,20.0,13.783333333333333,13.910714285714286,,,10.862632175226585,10.5,11.444805194805191,9.15909090909091,8.25,20.0,11.985569105691058,10.066503267973856,,,0.07202632067636881,0.09247028794767487,0.07044520368956803,0.08800332088003321,0.12121212121212122,0.05,0.07637088088268255,0.07965289937171696,,,0.09262925641982049,0.0923076923076923,0.09308065872728964,0.11517415751537795,0.12121212121212122,0.049999999999999996,0.08913056704973528,0.10199410021158187,,,186,91,59,36,,,,,,11,,,64,3,,59,2,1,15,30,14,4,46,14,2023-02-24 17:44:11.558000,2022-07-17
2022-07,17,2,394,249,132,50,45,16,145,5,31,1,0,1,0,1,4,14,2,,,,8,4,,,12,26,,,,,,20573.0,63.0,,,,18517.0,1993.0,,,36439.0,5.0,,,10.0,0.0,,10.0,0.0,0.0,0.0,10.0,0.0,0.0,10.0,0.0,41.0,,15.5,0.0,15.5,0.0,0.0,0.0,15.5,0.0,,,15.5,0.0,15.5,0.0,0.0,0.0,15.5,0.0,,,0.06451612903225806,0.0,0.06451612903225806,0.0,0.0,0.0,0.06451612903225806,0.0,,,0.06451612903225806,0.0,0.06451612903225806,0.0,0.0,0.0,0.06451612903225806,0.0,,,15,8,5,2,,,,,,1,,,1,0,,1,0,0,0,1,0,0,1,0,394,249,152,122,31,145,30,,,,,,,36439.0,252.0,,,,32794.0,3393.0,,,25.0,,,41.0,0.0,,40.0,1.0,0.0,3.0,34.0,3.0,0.0,38.0,3.0,,14.696428571428571,0.0,14.423076923076923,18.25,0.0,20.0,14.071428571428571,9.666666666666666,,,13.963414634146343,0.0,13.856250000000001,18.25,0.0,20.0,13.683823529411766,9.666666666666666,,,0.07335542739466269,0.0,0.0747831894597948,0.0547945205479452,0.0,0.05000000000000001,0.07309359245540839,0.10350877192982455,,,0.0745702904967278,0.0,0.07506468474544736,0.0547945205479452,0.0,0.05,0.07476650217730649,0.10350877192982455,,,37,13,10,14,,,,,,3,,,14,0,,13,1,0,3,7,3,0,11,3,2023-02-24 17:42:35.589000,2022-07-09
2022-08,8,3,1014,753,250,37,34,8,261,3,15,3,0,3,0,0,22,5,3,,,,2,0,,,0,147,,,,,,725.0,-23.0,,,,748.0,0.0,,,781825.0,0.0,,,21.0,0.0,,21.0,0.0,0.0,1.0,20.0,0.0,0.0,21.0,0.0,32364.0,,16.083333333333332,0.0,16.083333333333332,0.0,0.0,18.25,15.0,0.0,,,15.154761904761903,0.0,15.154761904761903,0.0,0.0,18.25,15.0,0.0,,,0.06332257039948873,0.0,0.06332257039948873,0.0,0.0,0.0547945205479452,0.06758659532526048,0.0,,,0.0669774489072931,0.0,0.0669774489072931,0.0,0.0,0.0547945205479452,0.06758659532526048,0.0,,,5,2,0,3,,,,,,0,,,3,0,,3,0,0,1,2,0,0,3,0,1014,753,125,114,22,261,11,,,,,,,1798.0,370.0,,,,1041.0,387.0,,,516.0,,,2289.0,1890.0,,189.0,210.0,210.0,11.0,167.0,11.0,1890.0,388.0,11.0,,13.541666666666666,10.0,14.5125,8.25,8.25,19.125,13.8125,15.5,,,10.225972040192227,10.0,14.68121693121693,8.25,8.25,19.84090909090909,14.287425149700603,15.5,,,0.0786611258334894,0.09841269841269841,0.0712908978977342,0.12121212121212122,0.12121212121212122,0.0523972602739726,0.07449944870888892,0.06451612903225806,,,0.09817383902143287,0.09841269841269841,0.07018715378579071,0.12121212121212122,0.12121212121212122,0.050435865504358655,0.07186167739887221,0.06451612903225806,,,23,3,3,17,,,,,,3,,,24,1,,20,3,3,2,16,2,1,21,2,2023-02-24 17:48:27.869000,2022-08-05
2022-07,11,7,961,712,242,33,31,6,249,2,2,3,0,2,1,0,20,4,3,,,,0,1,,,0,140,,,,,,36.0,26.0,,,,0.0,10.0,,,778207.0,0.0,,,25.0,0.0,,15.0,10.0,10.0,1.0,13.0,1.0,0.0,24.0,1.0,29994.0,,14.428571428571429,0.0,15.458333333333334,8.25,8.25,20.0,13.625,18.25,,,12.59,0.0,15.483333333333333,8.25,8.25,20.0,14.923076923076923,18.25,,,0.07503595225457563,0.0,0.0673399240949847,0.12121212121212122,0.12121212121212122,0.05,0.07481125600549074,0.0547945205479452,,,0.08787223671925772,0.0,0.06564564705734871,0.12121212121212122,0.12121212121212122,0.05,0.06768386040863736,0.0547945205479452,,,4,0,1,3,,,,,,0,,,7,0,,6,1,1,1,4,1,0,6,1,961,712,746,612,153,249,134,,,,,,,778207.0,3485.0,,,,455750.0,318972.0,,,4779.0,,,29994.0,19980.0,,9821.0,193.0,192.0,4145.0,4131.0,1545.0,25174.0,3275.0,1545.0,,15.094488188976378,9.05,15.75219298245614,9.5,8.25,20.0,14.11111111111111,14.3375,,,9.595910848836432,6.633883883883883,15.647337338356579,8.301813471502589,8.25,20.000000000000004,13.341684822076978,10.13462783171521,,,0.07157904935282958,0.08855754337049812,0.06793396650810592,0.11290992112909921,0.12121212121212122,0.05,0.07380360623394898,0.07724224945926458,,,0.08114626664606892,0.08596096096096095,0.07057057326025001,0.12086798856619284,0.12121212121212122,0.05,0.07960536712231485,0.10160118343471392,,,276,113,90,73,,,,,,20,,,127,5,,114,8,7,31,63,20,10,97,20,2023-02-24 17:46:35.577000,2022-07-28
2022-07,10,3,946,701,240,46,43,7,245,3,11,2,0,1,1,0,16,5,1,,,,1,3,,,0,137,,,,,,3124.0,18.0,,,,1000.0,2106.0,,,757209.0,100.0,,,101.0,0.0,,1.0,100.0,100.0,0.0,0.0,1.0,0.0,100.0,1.0,14249.0,,13.25,0.0,18.25,8.25,8.25,0.0,0.0,18.25,,,8.349009900990099,0.0,18.25,8.25,8.25,0.0,0.0,18.25,,,0.08800332088003321,0.0,0.0547945205479452,0.12121212121212122,0.12121212121212122,0.0,0.0,0.0547945205479452,,,0.12055452120554522,0.0,0.0547945205479452,0.12121212121212122,0.12121212121212122,0.0,0.0,0.0547945205479452,,,7,1,5,1,,,,,,1,,,2,0,,1,1,1,0,0,1,0,1,1,946,701,730,600,149,245,130,,,,,,,757209.0,3186.0,,,,435402.0,318621.0,,,4668.0,,,14249.0,6500.0,,7567.0,182.0,181.0,2568.0,3455.0,1544.0,11074.0,1631.0,1544.0,,15.336448598130842,10.5,15.816326530612244,9.916666666666666,8.25,20.0,14.147058823529411,14.131578947368421,,,12.738806232016287,10.5,14.768567463988367,8.304945054945057,8.25,20.0,12.953400868306803,10.12937176165803,,,0.07094955003375884,0.09247028794767487,0.06789118227714919,0.11014252110142521,0.12121212121212122,0.049999999999999996,0.07378990969653478,0.07842370887564983,,,0.08364090341604716,0.0923076923076923,0.07530131416880048,0.12084718934034006,0.12121212121212122,0.049999999999999996,0.0823403792848707,0.10163149863088411,,,255,111,84,60,,,,,,17,,,107,3,,98,6,5,28,51,19,7,81,19,2023-02-24 17:45:55.913000,2022-07-25
2022-07,23,15,933,691,236,40,40,14,242,0,5,6,0,6,1,2,15,8,7,,,,0,1,,,3,133,,,,,,438.0,437.0,,,,0.0,1.0,,,552080.0,1.0,,,2785.0,0.0,,2784.0,1.0,1.0,2421.0,363.0,0.0,2710.0,75.0,0.0,14054.0,,16.071428571428573,0.0,16.673076923076923,8.25,8.25,20.0,15.194444444444445,0.0,,,19.399371633752246,0.0,19.40337643678161,8.25,8.25,20.000000000000004,15.424242424242422,0.0,,,0.06625853892756235,0.0,0.062031340290288596,0.12121212121212122,0.12121212121212122,0.05,0.06737860264152795,0.0,,,0.05201012193348513,0.0,0.051985264893514356,0.12121212121212122,0.12121212121212122,0.05,0.06522583323290349,0.0,,,8,0,1,7,,,,,,1,,,14,0,,13,1,1,4,9,0,2,12,0,933,691,717,590,144,242,127,,,,,,,552080.0,3163.0,,,,434402.0,114515.0,,,4568.0,,,14054.0,6500.0,,7472.0,82.0,81.0,2525.0,3415.0,1532.0,11074.0,1448.0,1532.0,,15.196808510638299,10.5,15.648255813953488,10.25,8.25,20.0,14.111702127659575,13.90625,,,12.739255727906645,10.5,14.73514453961456,8.371951219512194,8.25,20.0,12.934553440702782,10.071475195822455,,,0.07156258258865905,0.09247028794767487,0.06871894062900576,0.10792860107928601,0.12121212121212122,0.049999999999999996,0.07414107711591013,0.07969989185291997,,,0.08353731820615955,0.0923076923076923,0.0755032780688753,0.1204021504723142,0.1212121212121212,0.05,0.0824888617067272,0.1019654249361377,,,245,110,77,58,,,,,,16,,,94,3,,86,5,4,23,47,16,7,71,16,2023-02-24 17:45:29.573000,2022-07-23
2022-08,10,4,1042,770,254,27,25,10,272,2,4,3,0,2,1,1,26,6,5,,,,0,1,,,1,157,,,,,,95.0,94.0,,,,0.0,1.0,,,864520.0,6.0,,,118.0,0.0,,98.0,20.0,20.0,1.0,97.0,0.0,0.0,118.0,0.0,50666.0,,14.416666666666666,0.0,16.625,10.0,10.0,20.0,13.25,0.0,,,12.75635593220339,0.0,13.318877551020408,10.0,10.0,20.0,13.25,0.0,,,0.07515723270440251,0.0,0.06273584905660377,0.1,0.1,0.05,0.07547169811320754,0.0,,,0.0794131755676367,0.0,0.07521178282633809,0.1,0.1,0.05,0.07547169811320754,0.0,,,6,0,1,5,,,,,,1,,,3,0,,2,1,1,1,1,0,0,3,0,1042,770,213,191,46,272,22,,,,,,,84493.0,5087.0,,,,59307.0,20099.0,,,627.0,,,20591.0,17420.0,,2631.0,540.0,540.0,35.0,2582.0,14.0,18349.0,2228.0,14.0,,14.253623188405797,10.0,14.979166666666666,9.125,9.125,19.485294117647058,13.203947368421053,13.15,,,10.167172551114566,9.668484500574053,13.643006461421509,9.319444444444443,9.319444444444443,19.75,13.554705654531373,14.660714285714285,,,0.07486498413754125,0.0955454375972773,0.0702568538177025,0.1106060606060606,0.1106060606060606,0.05141015310233682,0.07755244301114005,0.07888915837982051,,,0.09269990358395216,0.0950057405281286,0.07424141742402635,0.10824915824915825,0.10824915824915825,0.05068493150684931,0.0745856334960047,0.06964935379924465,,,91,6,22,63,,,,,,9,,,69,3,,60,6,6,17,38,5,5,59,5,2023-02-24 17:51:00.119000,2022-08-15
2022-07,7,1,963,714,243,22,22,7,249,0,2,1,0,1,0,0,20,6,5,,,,0,1,,,0,141,,,,,,1515.0,278.0,,,,0.0,1237.0,,,779722.0,0.0,,,16.0,0.0,,16.0,0.0,0.0,0.0,16.0,0.0,0.0,16.0,0.0,30010.0,,15.5,0.0,15.5,0.0,0.0,0.0,15.5,0.0,,,15.5,0.0,15.5,0.0,0.0,0.0,15.5,0.0,,,0.06451612903225806,0.0,0.06451612903225806,0.0,0.0,0.0,0.06451612903225806,0.0,,,0.06451612903225806,0.0,0.06451612903225806,0.0,0.0,0.0,0.06451612903225806,0.0,,,6,0,1,5,,,,,,0,,,1,0,,1,0,0,0,1,0,0,1,0,963,714,749,615,154,249,134,,,,,,,779722.0,3763.0,,,,455750.0,320209.0,,,4779.0,,,30010.0,19980.0,,9837.0,193.0,192.0,4145.0,4147.0,1545.0,25174.0,3291.0,1545.0,,15.09765625,9.05,15.75,9.5,8.25,20.0,14.1328125,14.3375,,,9.599058647117626,6.633883883883883,15.647097692385891,8.30181347150259,8.25,20.000000000000007,13.350012056908616,10.134627831715212,,,0.07152387028782514,0.08855754337049812,0.06790424618222898,0.11290992112909921,0.12121212121212122,0.05,0.07365848940267256,0.07724224945926458,,,0.08113740019482531,0.08596096096096095,0.07056072563316375,0.12086798856619284,0.12121212121212122,0.05,0.07954714966163459,0.10160118343471393,,,282,113,91,78,,,,,,20,,,128,5,,115,8,7,31,64,20,10,98,20,2023-02-24 17:46:48.663000,2022-07-29
2022-07,49,9,810,595,207,171,158,32,215,13,138,3,1,2,1,1,10,29,2,,,,19,11,,,27,101,,,,,,173975.0,77.0,,,,132849.0,41049.0,,,456224.0,0.0,,,7050.0,6500.0,,540.0,10.0,10.0,10.0,510.0,20.0,6500.0,530.0,20.0,9104.0,,13.722222222222221,10.5,16.75,8.25,8.25,20.0,13.625,18.25,,,10.628014184397166,10.5,12.212962962962962,8.25,8.25,20.0,11.823529411764707,18.25,,,0.07864828201800196,0.09247028794767487,0.06184231062137437,0.12121212121212122,0.12121212121212122,0.05,0.07481125600549074,0.0547945205479452,,,0.09163210842592404,0.0923076923076923,0.0829523022048948,0.12121212121212122,0.12121212121212122,0.05,0.08470265250918486,0.0547945205479452,,,40,24,14,2,,,,,,0,,,9,3,,5,1,1,1,2,2,3,4,2,810,595,585,485,110,215,100,,,,,,,456224.0,2211.0,,,,364084.0,89929.0,,,567.0,,,9104.0,6500.0,,2593.0,11.0,10.0,88.0,2449.0,56.0,7821.0,1227.0,56.0,,14.915178571428571,10.5,15.240196078431373,13.25,8.25,20.0,13.5625,14.318181818181818,,,11.028201889279442,10.5,12.360200539915157,9.15909090909091,8.25,20.000000000000004,11.968660677827685,17.477678571428573,,,0.07276880423874969,0.09247028794767487,0.07101246140719397,0.08800332088003321,0.12121212121212122,0.05000000000000001,0.07756484917500976,0.07725634135151077,,,0.0908989156462732,0.0923076923076923,0.0872644860435798,0.11517415751537795,0.12121212121212122,0.049999999999999996,0.08924509560289026,0.059206663920074155,,,174,88,51,35,,,,,,11,,,56,3,,51,2,1,12,28,11,4,41,11,2023-02-24 17:43:58.710000,2022-07-16
2022-08,8,6,999,741,248,46,42,7,258,4,10,4,0,4,0,0,22,2,1,,,,0,1,,,0,145,,,,,,382.0,6.0,,,,0.0,376.0,,,781100.0,10.0,,,41.0,0.0,,41.0,0.0,0.0,0.0,30.0,11.0,0.0,30.0,11.0,32343.0,,12.9,0.0,12.9,0.0,0.0,0.0,11.166666666666666,15.5,,,12.329268292682926,0.0,12.329268292682926,0.0,0.0,0.0,11.166666666666666,15.5,,,0.07990168970814132,0.0,0.07990168970814132,0.0,0.0,0.0,0.09015873015873016,0.06451612903225806,,,0.08327900790528642,0.0,0.08327900790528642,0.0,0.0,0.0,0.09015873015873016,0.06451612903225806,,,2,0,1,1,,,,,,1,,,5,0,,5,0,0,0,3,2,0,3,2,999,741,98,90,20,258,8,,,,,,,1073.0,393.0,,,,293.0,387.0,,,516.0,,,2268.0,1890.0,,168.0,210.0,210.0,10.0,147.0,11.0,1890.0,367.0,11.0,,13.178571428571429,10.0,14.235294117647058,8.25,8.25,20.0,13.642857142857142,15.5,,,10.180335097001766,10.0,14.62202380952381,8.25,8.25,20.0,14.190476190476192,15.5,,,0.08085234803834666,0.09841269841269841,0.07269707333860105,0.12121212121212122,0.12121212121212122,0.05,0.07548699919226443,0.06451612903225806,,,0.09846269448545271,0.09841269841269841,0.0705883668956029,0.12121212121212122,0.12121212121212122,0.05,0.07244332121841121,0.06451612903225806,,,18,1,3,14,,,,,,3,,,21,1,,17,3,3,1,14,2,1,18,2,2023-02-24 17:48:11.541000,2022-08-04
2022-08,12,2,1038,768,256,14,12,11,270,2,3,2,0,1,1,0,25,9,6,,,,1,2,,,0,155,,,,,,15057.0,289.0,,,,10000.0,4768.0,,,851205.0,0.0,,,1571.0,0.0,,1271.0,300.0,300.0,0.0,1271.0,0.0,0.0,1571.0,0.0,37001.0,,12.125,0.0,14.25,10.0,10.0,0.0,14.25,0.0,,,13.438415022278804,0.0,14.25,10.0,10.0,0.0,14.25,0.0,,,0.08508771929824561,0.0,0.07017543859649122,0.1,0.1,0.0,0.07017543859649122,0.0,,,0.07587077177348207,0.0,0.07017543859649122,0.1,0.1,0.0,0.07017543859649122,0.0,,,10,1,2,7,,,,,,0,,,2,0,,1,1,1,0,1,0,0,2,0,1038,768,194,174,41,270,20,,,,,,,71178.0,4407.0,,,,59307.0,7464.0,,,621.0,,,6926.0,3880.0,,2526.0,520.0,520.0,29.0,2484.0,13.0,4809.0,2104.0,13.0,,13.89655172413793,10.25,14.52450980392157,8.95,8.95,19.204545454545453,13.17361111111111,13.8125,,,11.419614496101648,10.25644329896907,13.644002375296916,9.29326923076923,9.29326923076923,19.698275862068964,13.566324476650566,14.980769230769232,,,0.07638004130770408,0.09594001754805775,0.07204952935518345,0.11272727272727272,0.11272727272727272,0.05217932752179328,0.07781515826982285,0.07480192416525183,,,0.0889398709856112,0.0958762886597938,0.07424505185740204,0.10856643356643356,0.10856643356643356,0.050826641473783664,0.07455280818482547,0.06768098907317922,,,71,6,18,47,,,,,,8,,,58,2,,51,5,5,11,36,4,4,50,4,2023-02-24 17:50:16.229000,2022-08-12
